palabra,score_promedio
model,0.030146730565748982
data,0.029855648373670298
learning,0.023460697153186886
method,0.020019877999373846
study,0.019845055994965714
based,0.01903576540082388
algorithm,0.01903328018482244
teaching,0.01731189229119775
design,0.01730659570307129
accuracy,0.017076485143444405
analysis,0.016966377183539518
research,0.016395925826831914
students,0.01623499162374733
results,0.015766113319333155
time,0.015620335628152498
