palabra,score_promedio
model,0.03017953899820123
data,0.029867755599559516
learning,0.023450076635715005
method,0.02003409216104743
study,0.019865377890127385
algorithm,0.0190866136285144
based,0.019017749905674362
teaching,0.017352042778580577
design,0.01730464084144974
accuracy,0.017076513340457847
analysis,0.01695949067027409
research,0.016423025701572676
students,0.016279732823773065
results,0.015770796278601344
time,0.015639296918672923
